{
    "NameTable": {
        "std": [
            "std",
            "reYIK",
            "module"
        ],
        "lrg": [
            "lrg",
            "dyv2e",
            "module"
        ],
        "tp": [
            "tp",
            "gKx10",
            "module"
        ],
        "addr": [
            "addr",
            "av3b1",
            "module"
        ],
        "...MASTER...": [
            "SIM",
            "amcQw",
            "module"
        ],
        "rdft": [
            "rdft",
            "zYrtp",
            "module"
        ],
        "test": [
            "test",
            "x9Hvb",
            "module"
        ],
        "idft": [
            "idft",
            "SNsbc",
            "module"
        ]
    },
    "Misc": {
        "archive_dir": "archive.0",
        "default_output_dir": "csrc",
        "cwd": "/home/runner",
        "csrc": "csrc",
        "csrc_abs": "/home/runner/csrc",
        "daidir": "simv.daidir",
        "daidir_abs": "/home/runner/simv.daidir"
    },
    "CompileStrategy": "fullobj",
    "CurCompileUdps": {},
    "PEModules": [],
    "LVLData": [
        "SIM"
    ],
    "SIMBData": {
        "out": "amcQwB.o",
        "bytes": 34617
    },
    "CurCompileModules": [
        "...MASTER...",
        "std",
        "addr",
        "lrg",
        "tp",
        "rdft",
        "idft",
        "test"
    ],
    "CompileProcesses": [
        "cgproc.308.json"
    ],
    "stat": {
        "nMops": 5335
    },
    "CompileStatus": "Successful"
}