{
    "Modules": {
        "rdft": {
            "Compiled Times": 1,
            "Compiled": "Yes"
        },
        "...MASTER...": {},
        "std": {
            "Compiled Times": 1,
            "Compiled": "Yes"
        },
        "tp": {
            "Compiled Times": 1,
            "Compiled": "Yes"
        },
        "lrg": {
            "Compiled Times": 1,
            "Compiled": "Yes"
        },
        "addr": {
            "Compiled Times": 1,
            "Compiled": "Yes"
        },
        "test": {
            "Compiled Times": 1,
            "Compiled": "Yes"
        },
        "idft": {
            "Compiled Times": 1,
            "Compiled": "Yes"
        }
    },
    "CompUnits": {
        "zYrtp_d": {
            "mod": "rdft",
            "out": "zYrtp_d.o",
            "mode": 4,
            "bytes": 6461,
            "archive": "archive.0/_308_archive_1.a"
        },
        "gKx10_d": {
            "mod": "tp",
            "out": "gKx10_d.o",
            "mode": 4,
            "bytes": 9350,
            "archive": "archive.0/_308_archive_1.a"
        },
        "amcQw_d": {
            "mod": "...MASTER...",
            "out": "amcQw_d.o",
            "mode": 4,
            "bytes": 5381,
            "archive": "archive.0/_308_archive_1.a"
        },
        "reYIK_d": {
            "mod": "std",
            "out": "reYIK_d.o",
            "mode": 4,
            "bytes": 19034,
            "archive": "archive.0/_308_archive_1.a"
        },
        "av3b1_d": {
            "mod": "addr",
            "out": "av3b1_d.o",
            "mode": 4,
            "bytes": 6291,
            "archive": "archive.0/_308_archive_1.a"
        },
        "SNsbc_d": {
            "mod": "idft",
            "out": "SNsbc_d.o",
            "mode": 4,
            "bytes": 8554,
            "archive": "archive.0/_308_archive_1.a"
        },
        "dyv2e_d": {
            "mod": "lrg",
            "out": "dyv2e_d.o",
            "mode": 4,
            "bytes": 24448,
            "archive": "archive.0/_308_archive_1.a"
        },
        "x9Hvb_d": {
            "mod": "test",
            "out": "x9Hvb_d.o",
            "mode": 4,
            "bytes": 7780,
            "archive": "archive.0/_308_archive_1.a"
        }
    },
    "ObjArchives": [
        {
            "archive": "archive.0/_308_archive_1.a",
            "objects": [
                [
                    "amcQw_d.o",
                    5381
                ],
                [
                    "reYIK_d.o",
                    19034
                ],
                [
                    "av3b1_d.o",
                    6291
                ],
                [
                    "dyv2e_d.o",
                    24448
                ],
                [
                    "gKx10_d.o",
                    9350
                ],
                [
                    "zYrtp_d.o",
                    6461
                ],
                [
                    "SNsbc_d.o",
                    8554
                ],
                [
                    "x9Hvb_d.o",
                    7780
                ]
            ],
            "size": 87299
        }
    ]
}