{
    "std": [
        "std",
        "reYIK",
        "module"
    ],
    "tp": [
        "tp",
        "gKx10",
        "module"
    ],
    "lrg": [
        "lrg",
        "dyv2e",
        "module"
    ],
    "addr": [
        "addr",
        "av3b1",
        "module"
    ],
    "...MASTER...": [
        "SIM",
        "amcQw",
        "module"
    ],
    "rdft": [
        "rdft",
        "zYrtp",
        "module"
    ],
    "test": [
        "test",
        "x9Hvb",
        "module"
    ],
    "idft": [
        "idft",
        "SNsbc",
        "module"
    ]
}